model_name,r2_score,mae,rmse,cv_mean,cv_std
Gradient Boosting,0.8638742830870502,74356.09872690825,99573.94101070902,0.8644425125722556,0.00512144724701762
