model_name,r2_score,mae,rmse,cv_mean,cv_std
Random Forest,0.878718200977825,71211.96884743299,97999.05417826238,0.8603039877616275,0.0048785149907343475
