,MAE,RMSE,R2,MAPE,model
Random Forest,73432.28674724176,101132.94495830867,0.870837283636009,14.641660600148018,"RandomForestRegressor(n_jobs=-1, random_state=42)"
Gradient Boosting,76149.42770420699,102081.776785814,0.8684022987319182,15.181624137063581,GradientBoostingRegressor(random_state=42)
Linear Regression,112698.33708614338,150522.83976468243,0.7138744317006109,25.57224200946186,LinearRegression()
Ridge (L2),112698.23204332594,150523.69202816152,0.7138711915934879,25.571039421188722,Ridge()
Lasso (L1),112698.33697290662,150522.83951955775,0.7138744326325153,25.57224189860176,Lasso(alpha=0.001)
